TemplateId,Name,NameTextId,DescriptionTextID,IconImage,PrefabName,Type,SubType,등급,maxStack,SlotType,canTrade,canDelete,canStorable,Maxhp,Atk,Defence,EffectDataId,SafeEnhancementLevel,NextLevelItemDataId
1000,일반 검,일반 검,일반 검,temp_weapon,,Equipment,MainWeapon,Common,1,MainWeapon,TRUE,TRUE,TRUE,70,5,0,,6,1001
1001,+1 일반 검,+1 일반 검,+1 일반 검,temp_weapon,,Equipment,MainWeapon,Common,1,MainWeapon,TRUE,TRUE,TRUE,75,5,0,,6,1002
1002,+2 일반 검,+2 일반 검,+2 일반 검,temp_weapon,,Equipment,MainWeapon,Common,1,MainWeapon,TRUE,TRUE,TRUE,75,5,0,,6,1003
1003,+3 일반 검,+3 일반 검,+3 일반 검,temp_weapon,,Equipment,MainWeapon,Common,1,MainWeapon,TRUE,TRUE,TRUE,0,5,0,,6,1004
1004,+4 일반 검,+4 일반 검,+4 일반 검,temp_weapon,,Equipment,MainWeapon,Common,1,MainWeapon,TRUE,TRUE,TRUE,0,5,0,,6,1005
1005,+5 일반 검,+5 일반 검,+5 일반 검,temp_weapon,,Equipment,MainWeapon,Common,1,MainWeapon,TRUE,TRUE,TRUE,0,5,0,,6,1006
1006,+6 일반 검,+6 일반 검,+6 일반 검,temp_weapon,,Equipment,MainWeapon,Common,1,MainWeapon,TRUE,TRUE,TRUE,0,5,0,,6,1007
1007,+7 일반 검,+7 일반 검,+7 일반 검,temp_weapon,,Equipment,MainWeapon,Common,1,MainWeapon,TRUE,TRUE,TRUE,0,5,0,,6,1008
1008,+8 일반 검,+8 일반 검,+8 일반 검,temp_weapon,,Equipment,MainWeapon,Common,1,MainWeapon,TRUE,TRUE,TRUE,0,5,0,,6,1009
1009,+9 일반 검,+9 일반 검,+9 일반 검,temp_weapon,,Equipment,MainWeapon,Common,1,MainWeapon,TRUE,TRUE,TRUE,0,5,0,,6,1010
1010,+10 일반 검,+10 일반 검,+10 일반 검,temp_weapon,,Equipment,MainWeapon,Common,1,MainWeapon,TRUE,TRUE,TRUE,0,5,0,,6,
1100,고급 검,고급 검,고급 검,temp_weapon,,Equipment,MainWeapon,Uncommon,1,MainWeapon,TRUE,TRUE,TRUE,0,5,0,,6,1101
1101,+1 고급 검,+1 고급 검,+1 고급 검,temp_weapon,,Equipment,MainWeapon,Uncommon,1,MainWeapon,TRUE,TRUE,TRUE,0,6,0,,6,1102
1102,+2 고급 검,+2 고급 검,+2 고급 검,temp_weapon,,Equipment,MainWeapon,Uncommon,1,MainWeapon,TRUE,TRUE,TRUE,0,6,0,,6,1103
1103,+3 고급 검,+3 고급 검,+3 고급 검,temp_weapon,,Equipment,MainWeapon,Uncommon,1,MainWeapon,TRUE,TRUE,TRUE,0,6,0,,6,1104
1104,+4 고급 검,+4 고급 검,+4 고급 검,temp_weapon,,Equipment,MainWeapon,Uncommon,1,MainWeapon,TRUE,TRUE,TRUE,0,6,0,,6,1105
1105,+5 고급 검,+5 고급 검,+5 고급 검,temp_weapon,,Equipment,MainWeapon,Uncommon,1,MainWeapon,TRUE,TRUE,TRUE,0,6,0,,6,1106
1106,+6 고급 검,+6 고급 검,+6 고급 검,temp_weapon,,Equipment,MainWeapon,Uncommon,1,MainWeapon,TRUE,TRUE,TRUE,0,6,0,,6,1107
1107,+7 고급 검,+7 고급 검,+7 고급 검,temp_weapon,,Equipment,MainWeapon,Uncommon,1,MainWeapon,TRUE,TRUE,TRUE,0,6,0,,6,1108
1108,+8 고급 검,+8 고급 검,+8 고급 검,temp_weapon,,Equipment,MainWeapon,Uncommon,1,MainWeapon,TRUE,TRUE,TRUE,0,6,0,,6,1109
1109,+9 고급 검,+9 고급 검,+9 고급 검,temp_weapon,,Equipment,MainWeapon,Uncommon,1,MainWeapon,TRUE,TRUE,TRUE,0,6,0,,6,1110
1110,+10 고급 검,+10 고급 검,+10 고급 검,temp_weapon,,Equipment,MainWeapon,Uncommon,1,MainWeapon,TRUE,TRUE,TRUE,0,6,0,,6,
1200,희귀 검,희귀 검,희귀 검,temp_weapon,,Equipment,MainWeapon,Rare,1,MainWeapon,TRUE,TRUE,TRUE,0,6,0,,6,1201
1201,+1 희귀 검,+1 희귀 검,+1 희귀 검,temp_weapon,,Equipment,MainWeapon,Rare,1,MainWeapon,TRUE,TRUE,TRUE,0,7,0,,6,1202
1202,+2 희귀 검,+2 희귀 검,+2 희귀 검,temp_weapon,,Equipment,MainWeapon,Rare,1,MainWeapon,TRUE,TRUE,TRUE,0,7,0,,6,1203
1203,+3 희귀 검,+3 희귀 검,+3 희귀 검,temp_weapon,,Equipment,MainWeapon,Rare,1,MainWeapon,TRUE,TRUE,TRUE,0,7,0,,6,1204
1204,+4 희귀 검,+4 희귀 검,+4 희귀 검,temp_weapon,,Equipment,MainWeapon,Rare,1,MainWeapon,TRUE,TRUE,TRUE,0,7,0,,6,1205
1205,+5 희귀 검,+5 희귀 검,+5 희귀 검,temp_weapon,,Equipment,MainWeapon,Rare,1,MainWeapon,TRUE,TRUE,TRUE,0,7,0,,6,1206
1206,+6 희귀 검,+6 희귀 검,+6 희귀 검,temp_weapon,,Equipment,MainWeapon,Rare,1,MainWeapon,TRUE,TRUE,TRUE,0,7,0,,6,1207
1207,+7 희귀 검,+7 희귀 검,+7 희귀 검,temp_weapon,,Equipment,MainWeapon,Rare,1,MainWeapon,TRUE,TRUE,TRUE,0,7,0,,6,1208
1208,+8 희귀 검,+8 희귀 검,+8 희귀 검,temp_weapon,,Equipment,MainWeapon,Rare,1,MainWeapon,TRUE,TRUE,TRUE,0,7,0,,6,1209
1209,+9 희귀 검,+9 희귀 검,+9 희귀 검,temp_weapon,,Equipment,MainWeapon,Rare,1,MainWeapon,TRUE,TRUE,TRUE,0,7,0,,6,1210
1210,+10 희귀 검,+10 희귀 검,+10 희귀 검,temp_weapon,,Equipment,MainWeapon,Rare,1,MainWeapon,TRUE,TRUE,TRUE,0,7,0,,6,
1300,에픽 검,에픽 검,에픽 검,temp_weapon,,Equipment,MainWeapon,Epic,1,MainWeapon,TRUE,TRUE,TRUE,0,8,0,,6,1301
1301,+1 에픽 검,+1 에픽 검,+1 에픽 검,temp_weapon,,Equipment,MainWeapon,Epic,1,MainWeapon,TRUE,TRUE,TRUE,0,8,0,,6,1302
1302,+2 에픽 검,+2 에픽 검,+2 에픽 검,temp_weapon,,Equipment,MainWeapon,Epic,1,MainWeapon,TRUE,TRUE,TRUE,0,8,0,,6,1303
1303,+3 에픽 검,+3 에픽 검,+3 에픽 검,temp_weapon,,Equipment,MainWeapon,Epic,1,MainWeapon,TRUE,TRUE,TRUE,0,8,0,,6,1304
1304,+4 에픽 검,+4 에픽 검,+4 에픽 검,temp_weapon,,Equipment,MainWeapon,Epic,1,MainWeapon,TRUE,TRUE,TRUE,0,8,0,,6,1305
1305,+5 에픽 검,+5 에픽 검,+5 에픽 검,temp_weapon,,Equipment,MainWeapon,Epic,1,MainWeapon,TRUE,TRUE,TRUE,0,8,0,,6,1306
1306,+6 에픽 검,+6 에픽 검,+6 에픽 검,temp_weapon,,Equipment,MainWeapon,Epic,1,MainWeapon,TRUE,TRUE,TRUE,0,8,0,,6,1307
1307,+7 에픽 검,+7 에픽 검,+7 에픽 검,temp_weapon,,Equipment,MainWeapon,Epic,1,MainWeapon,TRUE,TRUE,TRUE,0,8,0,,6,1308
1308,+8 에픽 검,+8 에픽 검,+8 에픽 검,temp_weapon,,Equipment,MainWeapon,Epic,1,MainWeapon,TRUE,TRUE,TRUE,0,8,0,,6,1309
1309,+9 에픽 검,+9 에픽 검,+9 에픽 검,temp_weapon,,Equipment,MainWeapon,Epic,1,MainWeapon,TRUE,TRUE,TRUE,0,8,0,,6,1310
1310,+10 에픽 검,+10 에픽 검,+10 에픽 검,temp_weapon,,Equipment,MainWeapon,Epic,1,MainWeapon,TRUE,TRUE,TRUE,0,8,0,,6,
1400,전설 검,전설 검,전설 검,temp_weapon,,Equipment,MainWeapon,Legendary,1,MainWeapon,TRUE,TRUE,TRUE,0,9,0,,6,1401
1401,+1 전설 검,+1 전설 검,+1 전설 검,temp_weapon,,Equipment,MainWeapon,Legendary,1,MainWeapon,TRUE,TRUE,TRUE,0,9,0,,6,1402
1402,+2 전설 검,+2 전설 검,+2 전설 검,temp_weapon,,Equipment,MainWeapon,Legendary,1,MainWeapon,TRUE,TRUE,TRUE,0,9,0,,6,1403
1403,+3 전설 검,+3 전설 검,+3 전설 검,temp_weapon,,Equipment,MainWeapon,Legendary,1,MainWeapon,TRUE,TRUE,TRUE,0,9,0,,6,1404
1404,+4 전설 검,+4 전설 검,+4 전설 검,temp_weapon,,Equipment,MainWeapon,Legendary,1,MainWeapon,TRUE,TRUE,TRUE,0,9,0,,6,1405
1405,+5 전설 검,+5 전설 검,+5 전설 검,temp_weapon,,Equipment,MainWeapon,Legendary,1,MainWeapon,TRUE,TRUE,TRUE,0,9,0,,6,1406
1406,+6 전설 검,+6 전설 검,+6 전설 검,temp_weapon,,Equipment,MainWeapon,Legendary,1,MainWeapon,TRUE,TRUE,TRUE,0,9,0,,6,1407
1407,+7 전설 검,+7 전설 검,+7 전설 검,temp_weapon,,Equipment,MainWeapon,Legendary,1,MainWeapon,TRUE,TRUE,TRUE,0,9,0,,6,1408
1408,+8 전설 검,+8 전설 검,+8 전설 검,temp_weapon,,Equipment,MainWeapon,Legendary,1,MainWeapon,TRUE,TRUE,TRUE,0,9,0,,6,1409
1409,+9 전설 검,+9 전설 검,+9 전설 검,temp_weapon,,Equipment,MainWeapon,Legendary,1,MainWeapon,TRUE,TRUE,TRUE,0,9,0,,6,1410
1410,+10 전설 검,+10 전설 검,+10 전설 검,temp_weapon,,Equipment,MainWeapon,Legendary,1,MainWeapon,TRUE,TRUE,TRUE,0,9,0,,6,
1500,일반헬멧,일반헬멧,일반헬멧,h_helmet_0000,,Equipment,Helmet,Common,1,Helmet,TRUE,TRUE,TRUE,15,0,2,,6,1501
1501,+1 일반헬멧,+1 일반헬멧,+1 일반헬멧,h_helmet_0000,,Equipment,Helmet,Common,1,Helmet,TRUE,TRUE,TRUE,15,0,2,,6,1502
1502,+2 일반헬멧,+2 일반헬멧,+2 일반헬멧,h_helmet_0000,,Equipment,Helmet,Common,1,Helmet,TRUE,TRUE,TRUE,15,0,2,,6,1503
1503,+3 일반헬멧,+3 일반헬멧,+3 일반헬멧,h_helmet_0000,,Equipment,Helmet,Common,1,Helmet,TRUE,TRUE,TRUE,15,0,2,,6,1504
1504,+4 일반헬멧,+4 일반헬멧,+4 일반헬멧,h_helmet_0000,,Equipment,Helmet,Common,1,Helmet,TRUE,TRUE,TRUE,15,0,2,,6,1505
1505,+5 일반헬멧,+5 일반헬멧,+5 일반헬멧,h_helmet_0000,,Equipment,Helmet,Common,1,Helmet,TRUE,TRUE,TRUE,15,0,2,,6,1506
1506,+6 일반헬멧,+6 일반헬멧,+6 일반헬멧,h_helmet_0000,,Equipment,Helmet,Common,1,Helmet,TRUE,TRUE,TRUE,15,0,2,,6,1507
1507,+7 일반헬멧,+7 일반헬멧,+7 일반헬멧,h_helmet_0000,,Equipment,Helmet,Common,1,Helmet,TRUE,TRUE,TRUE,15,0,2,,6,1508
1508,+8 일반헬멧,+8 일반헬멧,+8 일반헬멧,h_helmet_0000,,Equipment,Helmet,Common,1,Helmet,TRUE,TRUE,TRUE,15,0,2,,6,1509
1509,+9 일반헬멧,+9 일반헬멧,+9 일반헬멧,h_helmet_0000,,Equipment,Helmet,Common,1,Helmet,TRUE,TRUE,TRUE,15,0,2,,6,1510
1510,+10 일반헬멧,+10 일반헬멧,+10 일반헬멧,h_helmet_0000,,Equipment,Helmet,Common,1,Helmet,TRUE,TRUE,TRUE,15,0,2,,6,
1600,일반갑옷,일반갑옷,일반갑옷,h_chest_0000,,Equipment,Chest,Common,1,Chest,TRUE,TRUE,TRUE,15,0,2,,6,1601
1601,+1 일반갑옷,+1 일반갑옷,+1 일반갑옷,h_chest_0000,,Equipment,Chest,Common,1,Chest,TRUE,TRUE,TRUE,17,0,3,,6,1602
1602,+2 일반갑옷,+2 일반갑옷,+2 일반갑옷,h_chest_0000,,Equipment,Chest,Common,1,Chest,TRUE,TRUE,TRUE,17,0,3,,6,1603
1603,+3 일반갑옷,+3 일반갑옷,+3 일반갑옷,h_chest_0000,,Equipment,Chest,Common,1,Chest,TRUE,TRUE,TRUE,17,0,3,,6,1604
1604,+4 일반갑옷,+4 일반갑옷,+4 일반갑옷,h_chest_0000,,Equipment,Chest,Common,1,Chest,TRUE,TRUE,TRUE,17,0,3,,6,1605
1605,+5 일반갑옷,+5 일반갑옷,+5 일반갑옷,h_chest_0000,,Equipment,Chest,Common,1,Chest,TRUE,TRUE,TRUE,17,0,3,,6,1606
1606,+6 일반갑옷,+6 일반갑옷,+6 일반갑옷,h_chest_0000,,Equipment,Chest,Common,1,Chest,TRUE,TRUE,TRUE,17,0,3,,6,1607
1607,+7 일반갑옷,+7 일반갑옷,+7 일반갑옷,h_chest_0000,,Equipment,Chest,Common,1,Chest,TRUE,TRUE,TRUE,17,0,3,,6,1608
1608,+8 일반갑옷,+8 일반갑옷,+8 일반갑옷,h_chest_0000,,Equipment,Chest,Common,1,Chest,TRUE,TRUE,TRUE,17,0,3,,6,1609
1609,+9 일반갑옷,+9 일반갑옷,+9 일반갑옷,h_chest_0000,,Equipment,Chest,Common,1,Chest,TRUE,TRUE,TRUE,17,0,3,,6,1610
1610,+10 일반갑옷,+10 일반갑옷,+10 일반갑옷,h_chest_0000,,Equipment,Chest,Common,1,Chest,TRUE,TRUE,TRUE,17,0,3,,6,
1700,일반다리보호구,일반다리보호구,일반다리보호구,h_pants_0000,,Equipment,Leg,Common,1,Leg,TRUE,TRUE,TRUE,12,0,3,,6,1701
1701,+1 일반다리보호구,+1 일반다리보호구,+1 일반다리보호구,h_pants_0000,,Equipment,Leg,Common,1,Leg,TRUE,TRUE,TRUE,12,0,3,,6,1702
1702,+2 일반다리보호구,+2 일반다리보호구,+2 일반다리보호구,h_pants_0000,,Equipment,Leg,Common,1,Leg,TRUE,TRUE,TRUE,12,0,3,,6,1703
1703,+3 일반다리보호구,+3 일반다리보호구,+3 일반다리보호구,h_pants_0000,,Equipment,Leg,Common,1,Leg,TRUE,TRUE,TRUE,12,0,3,,6,1704
1704,+4 일반다리보호구,+4 일반다리보호구,+4 일반다리보호구,h_pants_0000,,Equipment,Leg,Common,1,Leg,TRUE,TRUE,TRUE,12,0,3,,6,1705
1705,+5 일반다리보호구,+5 일반다리보호구,+5 일반다리보호구,h_pants_0000,,Equipment,Leg,Common,1,Leg,TRUE,TRUE,TRUE,12,0,3,,6,1706
1706,+6 일반다리보호구,+6 일반다리보호구,+6 일반다리보호구,h_pants_0000,,Equipment,Leg,Common,1,Leg,TRUE,TRUE,TRUE,12,0,3,,6,1707
1707,+7 일반다리보호구,+7 일반다리보호구,+7 일반다리보호구,h_pants_0000,,Equipment,Leg,Common,1,Leg,TRUE,TRUE,TRUE,12,0,3,,6,1708
1708,+8 일반다리보호구,+8 일반다리보호구,+8 일반다리보호구,h_pants_0000,,Equipment,Leg,Common,1,Leg,TRUE,TRUE,TRUE,12,0,3,,6,1709
1709,+9 일반다리보호구,+9 일반다리보호구,+9 일반다리보호구,h_pants_0000,,Equipment,Leg,Common,1,Leg,TRUE,TRUE,TRUE,12,0,3,,6,1710
1710,+10 일반다리보호구,+10 일반다리보호구,+10 일반다리보호구,h_pants_0000,,Equipment,Leg,Common,1,Leg,TRUE,TRUE,TRUE,12,0,3,,6,
1800,일반신발,일반신발,일반신발,h_boots_0000,,Equipment,Shoes,Common,1,Shoes,TRUE,TRUE,TRUE,12,0,3,,6,1801
1801,+1 일반신발,+1 일반신발,+1 일반신발,h_boots_0000,,Equipment,Shoes,Common,1,Shoes,TRUE,TRUE,TRUE,12,0,3,,6,1802
1802,+2 일반신발,+2 일반신발,+2 일반신발,h_boots_0000,,Equipment,Shoes,Common,1,Shoes,TRUE,TRUE,TRUE,20,0,3,,6,1803
1803,+3 일반신발,+3 일반신발,+3 일반신발,h_boots_0000,,Equipment,Shoes,Common,1,Shoes,TRUE,TRUE,TRUE,20,0,3,,6,1804
1804,+4 일반신발,+4 일반신발,+4 일반신발,h_boots_0000,,Equipment,Shoes,Common,1,Shoes,TRUE,TRUE,TRUE,20,0,3,,6,1805
1805,+5 일반신발,+5 일반신발,+5 일반신발,h_boots_0000,,Equipment,Shoes,Common,1,Shoes,TRUE,TRUE,TRUE,20,0,3,,6,1806
1806,+6 일반신발,+6 일반신발,+6 일반신발,h_boots_0000,,Equipment,Shoes,Common,1,Shoes,TRUE,TRUE,TRUE,20,0,3,,6,1807
1807,+7 일반신발,+7 일반신발,+7 일반신발,h_boots_0000,,Equipment,Shoes,Common,1,Shoes,TRUE,TRUE,TRUE,20,0,3,,6,1808
1808,+8 일반신발,+8 일반신발,+8 일반신발,h_boots_0000,,Equipment,Shoes,Common,1,Shoes,TRUE,TRUE,TRUE,20,0,3,,6,1809
1809,+9 일반신발,+9 일반신발,+9 일반신발,h_boots_0000,,Equipment,Shoes,Common,1,Shoes,TRUE,TRUE,TRUE,20,0,3,,6,1810
1810,+10 일반신발,+10 일반신발,+10 일반신발,h_boots_0000,,Equipment,Shoes,Common,1,Shoes,TRUE,TRUE,TRUE,20,0,3,,6,
1900,일반장갑,일반장갑,일반장갑,h_brace_0000,,Equipment,Gloves,Common,1,Gloves,TRUE,TRUE,TRUE,20,0,3,,6,1901
1901,+1 일반장갑,+1 일반장갑,+1 일반장갑,h_brace_0000,,Equipment,Gloves,Common,1,Gloves,TRUE,TRUE,TRUE,20,0,3,,6,1902
1902,+2 일반장갑,+2 일반장갑,+2 일반장갑,h_brace_0000,,Equipment,Gloves,Common,1,Gloves,TRUE,TRUE,TRUE,20,0,3,,6,1903
1903,+3 일반장갑,+3 일반장갑,+3 일반장갑,h_brace_0000,,Equipment,Gloves,Common,1,Gloves,TRUE,TRUE,TRUE,20,0,3,,6,1904
1904,+4 일반장갑,+4 일반장갑,+4 일반장갑,h_brace_0000,,Equipment,Gloves,Common,1,Gloves,TRUE,TRUE,TRUE,20,0,3,,6,1905
1905,+5 일반장갑,+5 일반장갑,+5 일반장갑,h_brace_0000,,Equipment,Gloves,Common,1,Gloves,TRUE,TRUE,TRUE,20,0,3,,6,1906
1906,+6 일반장갑,+6 일반장갑,+6 일반장갑,h_brace_0000,,Equipment,Gloves,Common,1,Gloves,TRUE,TRUE,TRUE,20,0,3,,6,1907
1907,+7 일반장갑,+7 일반장갑,+7 일반장갑,h_brace_0000,,Equipment,Gloves,Common,1,Gloves,TRUE,TRUE,TRUE,20,0,3,,6,1908
1908,+8 일반장갑,+8 일반장갑,+8 일반장갑,h_brace_0000,,Equipment,Gloves,Common,1,Gloves,TRUE,TRUE,TRUE,20,0,3,,6,1909
1909,+9 일반장갑,+9 일반장갑,+9 일반장갑,h_brace_0000,,Equipment,Gloves,Common,1,Gloves,TRUE,TRUE,TRUE,20,0,3,,6,1910
1910,+10 일반장갑,+10 일반장갑,+10 일반장갑,h_brace_0000,,Equipment,Gloves,Common,1,Gloves,TRUE,TRUE,TRUE,20,0,3,,6,
2000,일반어깨보호구,일반어깨보호구,일반어깨보호구,h_shoulder_0000,,Equipment,Shoulder,Common,1,Shoulder,TRUE,TRUE,TRUE,20,0,3,,6,2001
2001,+1 일반어깨보호구,+1 일반어깨보호구,+1 일반어깨보호구,h_shoulder_0000,,Equipment,Shoulder,Common,1,Shoulder,TRUE,TRUE,TRUE,20,0,3,,6,2002
2002,+2 일반어깨보호구,+2 일반어깨보호구,+2 일반어깨보호구,h_shoulder_0000,,Equipment,Shoulder,Common,1,Shoulder,TRUE,TRUE,TRUE,20,0,3,,6,2003
2003,+3 일반어깨보호구,+3 일반어깨보호구,+3 일반어깨보호구,h_shoulder_0000,,Equipment,Shoulder,Common,1,Shoulder,TRUE,TRUE,TRUE,20,0,3,,6,2004
2004,+4 일반어깨보호구,+4 일반어깨보호구,+4 일반어깨보호구,h_shoulder_0000,,Equipment,Shoulder,Common,1,Shoulder,TRUE,TRUE,TRUE,20,0,3,,6,2005
2005,+5 일반어깨보호구,+5 일반어깨보호구,+5 일반어깨보호구,h_shoulder_0000,,Equipment,Shoulder,Common,1,Shoulder,TRUE,TRUE,TRUE,20,0,3,,6,2006
2006,+6 일반어깨보호구,+6 일반어깨보호구,+6 일반어깨보호구,h_shoulder_0000,,Equipment,Shoulder,Common,1,Shoulder,TRUE,TRUE,TRUE,20,0,3,,6,2007
2007,+7 일반어깨보호구,+7 일반어깨보호구,+7 일반어깨보호구,h_shoulder_0000,,Equipment,Shoulder,Common,1,Shoulder,TRUE,TRUE,TRUE,20,0,3,,6,2008
2008,+8 일반어깨보호구,+8 일반어깨보호구,+8 일반어깨보호구,h_shoulder_0000,,Equipment,Shoulder,Common,1,Shoulder,TRUE,TRUE,TRUE,20,0,3,,6,2009
2009,+9 일반어깨보호구,+9 일반어깨보호구,+9 일반어깨보호구,h_shoulder_0000,,Equipment,Shoulder,Common,1,Shoulder,TRUE,TRUE,TRUE,20,0,3,,6,2010
2010,+10 일반어깨보호구,+10 일반어깨보호구,+10 일반어깨보호구,h_shoulder_0000,,Equipment,Shoulder,Common,1,Shoulder,TRUE,TRUE,TRUE,20,0,3,,6,
2100,고급헬멧,고급헬멧,고급헬멧,h_helmet_0000,,Equipment,Helmet,Uncommon,1,Helmet,TRUE,TRUE,TRUE,20,0,2,,6,2101
2101,+1 고급헬멧,+1 고급헬멧,+1 고급헬멧,h_helmet_0000,,Equipment,Helmet,Uncommon,1,Helmet,TRUE,TRUE,TRUE,20,0,2,,6,2102
2102,+2 고급헬멧,+2 고급헬멧,+2 고급헬멧,h_helmet_0000,,Equipment,Helmet,Uncommon,1,Helmet,TRUE,TRUE,TRUE,20,0,2,,6,2103
2103,+3 고급헬멧,+3 고급헬멧,+3 고급헬멧,h_helmet_0000,,Equipment,Helmet,Uncommon,1,Helmet,TRUE,TRUE,TRUE,20,0,2,,6,2104
2104,+4 고급헬멧,+4 고급헬멧,+4 고급헬멧,h_helmet_0000,,Equipment,Helmet,Uncommon,1,Helmet,TRUE,TRUE,TRUE,20,0,2,,6,2105
2105,+5 고급헬멧,+5 고급헬멧,+5 고급헬멧,h_helmet_0000,,Equipment,Helmet,Uncommon,1,Helmet,TRUE,TRUE,TRUE,20,0,2,,6,2106
2106,+6 고급헬멧,+6 고급헬멧,+6 고급헬멧,h_helmet_0000,,Equipment,Helmet,Uncommon,1,Helmet,TRUE,TRUE,TRUE,20,0,2,,6,2107
2107,+7 고급헬멧,+7 고급헬멧,+7 고급헬멧,h_helmet_0000,,Equipment,Helmet,Uncommon,1,Helmet,TRUE,TRUE,TRUE,20,0,2,,6,2108
2108,+8 고급헬멧,+8 고급헬멧,+8 고급헬멧,h_helmet_0000,,Equipment,Helmet,Uncommon,1,Helmet,TRUE,TRUE,TRUE,20,0,2,,6,2109
2109,+9 고급헬멧,+9 고급헬멧,+9 고급헬멧,h_helmet_0000,,Equipment,Helmet,Uncommon,1,Helmet,TRUE,TRUE,TRUE,20,0,2,,6,2110
2110,+10 고급헬멧,+10 고급헬멧,+10 고급헬멧,h_helmet_0000,,Equipment,Helmet,Uncommon,1,Helmet,TRUE,TRUE,TRUE,20,0,2,,6,
2200,고급갑옷,고급갑옷,고급갑옷,h_chest_0000,,Equipment,Chest,Uncommon,1,Chest,TRUE,TRUE,TRUE,20,0,2,,6,2201
2201,+1 고급갑옷,+1 고급갑옷,+1 고급갑옷,h_chest_0000,,Equipment,Chest,Uncommon,1,Chest,TRUE,TRUE,TRUE,20,0,2,,6,2202
2202,+2 고급갑옷,+2 고급갑옷,+2 고급갑옷,h_chest_0000,,Equipment,Chest,Uncommon,1,Chest,TRUE,TRUE,TRUE,20,0,2,,6,2203
2203,+3 고급갑옷,+3 고급갑옷,+3 고급갑옷,h_chest_0000,,Equipment,Chest,Uncommon,1,Chest,TRUE,TRUE,TRUE,20,0,2,,6,2204
2204,+4 고급갑옷,+4 고급갑옷,+4 고급갑옷,h_chest_0000,,Equipment,Chest,Uncommon,1,Chest,TRUE,TRUE,TRUE,20,0,2,,6,2205
2205,+5 고급갑옷,+5 고급갑옷,+5 고급갑옷,h_chest_0000,,Equipment,Chest,Uncommon,1,Chest,TRUE,TRUE,TRUE,20,0,2,,6,2206
2206,+6 고급갑옷,+6 고급갑옷,+6 고급갑옷,h_chest_0000,,Equipment,Chest,Uncommon,1,Chest,TRUE,TRUE,TRUE,20,0,2,,6,2207
2207,+7 고급갑옷,+7 고급갑옷,+7 고급갑옷,h_chest_0000,,Equipment,Chest,Uncommon,1,Chest,TRUE,TRUE,TRUE,20,0,2,,6,2208
2208,+8 고급갑옷,+8 고급갑옷,+8 고급갑옷,h_chest_0000,,Equipment,Chest,Uncommon,1,Chest,TRUE,TRUE,TRUE,20,0,2,,6,2209
2209,+9 고급갑옷,+9 고급갑옷,+9 고급갑옷,h_chest_0000,,Equipment,Chest,Uncommon,1,Chest,TRUE,TRUE,TRUE,20,0,2,,6,2210
2210,+10 고급갑옷,+10 고급갑옷,+10 고급갑옷,h_chest_0000,,Equipment,Chest,Uncommon,1,Chest,TRUE,TRUE,TRUE,20,0,2,,6,
2300,고급다리보호구,고급다리보호구,고급다리보호구,h_chest_0000,,Equipment,Leg,Uncommon,1,Leg,TRUE,TRUE,TRUE,20,0,2,,6,2301
2301,+1 고급다리보호구,+1 고급다리보호구,+1 고급다리보호구,h_pants_0000,,Equipment,Leg,Uncommon,1,Leg,TRUE,TRUE,TRUE,20,0,2,,6,2302
2302,+2 고급다리보호구,+2 고급다리보호구,+2 고급다리보호구,h_pants_0000,,Equipment,Leg,Uncommon,1,Leg,TRUE,TRUE,TRUE,20,0,2,,6,2303
2303,+3 고급다리보호구,+3 고급다리보호구,+3 고급다리보호구,h_pants_0000,,Equipment,Leg,Uncommon,1,Leg,TRUE,TRUE,TRUE,20,0,2,,6,2304
2304,+4 고급다리보호구,+4 고급다리보호구,+4 고급다리보호구,h_pants_0000,,Equipment,Leg,Uncommon,1,Leg,TRUE,TRUE,TRUE,20,0,2,,6,2305
2305,+5 고급다리보호구,+5 고급다리보호구,+5 고급다리보호구,h_pants_0000,,Equipment,Leg,Uncommon,1,Leg,TRUE,TRUE,TRUE,20,0,2,,6,2306
2306,+6 고급다리보호구,+6 고급다리보호구,+6 고급다리보호구,h_pants_0000,,Equipment,Leg,Uncommon,1,Leg,TRUE,TRUE,TRUE,20,0,2,,6,2307
2307,+7 고급다리보호구,+7 고급다리보호구,+7 고급다리보호구,h_pants_0000,,Equipment,Leg,Uncommon,1,Leg,TRUE,TRUE,TRUE,20,0,2,,6,2308
2308,+8 고급다리보호구,+8 고급다리보호구,+8 고급다리보호구,h_pants_0000,,Equipment,Leg,Uncommon,1,Leg,TRUE,TRUE,TRUE,20,0,2,,6,2309
2309,+9 고급다리보호구,+9 고급다리보호구,+9 고급다리보호구,h_pants_0000,,Equipment,Leg,Uncommon,1,Leg,TRUE,TRUE,TRUE,20,0,2,,6,2310
2310,+10 고급다리보호구,+10 고급다리보호구,+10 고급다리보호구,h_pants_0000,,Equipment,Leg,Uncommon,1,Leg,TRUE,TRUE,TRUE,20,0,2,,6,
2400,고급신발,고급신발,고급신발,temp_armor,,Equipment,Shoes,Uncommon,1,Shoes,TRUE,TRUE,TRUE,20,0,2,,6,2401
2401,+1 고급신발,+1 고급신발,+1 고급신발,h_boots_0000,,Equipment,Shoes,Uncommon,1,Shoes,TRUE,TRUE,TRUE,20,0,2,,6,2402
2402,+2 고급신발,+2 고급신발,+2 고급신발,h_boots_0000,,Equipment,Shoes,Uncommon,1,Shoes,TRUE,TRUE,TRUE,20,0,2,,6,2403
2403,+3 고급신발,+3 고급신발,+3 고급신발,h_boots_0000,,Equipment,Shoes,Uncommon,1,Shoes,TRUE,TRUE,TRUE,20,0,2,,6,2404
2404,+4 고급신발,+4 고급신발,+4 고급신발,h_boots_0000,,Equipment,Shoes,Uncommon,1,Shoes,TRUE,TRUE,TRUE,20,0,2,,6,2405
2405,+5 고급신발,+5 고급신발,+5 고급신발,h_boots_0000,,Equipment,Shoes,Uncommon,1,Shoes,TRUE,TRUE,TRUE,20,0,2,,6,2406
2406,+6 고급신발,+6 고급신발,+6 고급신발,h_boots_0000,,Equipment,Shoes,Uncommon,1,Shoes,TRUE,TRUE,TRUE,20,0,2,,6,2407
2407,+7 고급신발,+7 고급신발,+7 고급신발,h_boots_0000,,Equipment,Shoes,Uncommon,1,Shoes,TRUE,TRUE,TRUE,20,0,2,,6,2408
2408,+8 고급신발,+8 고급신발,+8 고급신발,h_boots_0000,,Equipment,Shoes,Uncommon,1,Shoes,TRUE,TRUE,TRUE,20,0,2,,6,2409
2409,+9 고급신발,+9 고급신발,+9 고급신발,h_boots_0000,,Equipment,Shoes,Uncommon,1,Shoes,TRUE,TRUE,TRUE,20,0,2,,6,2410
2410,+10 고급신발,+10 고급신발,+10 고급신발,h_boots_0000,,Equipment,Shoes,Uncommon,1,Shoes,TRUE,TRUE,TRUE,20,0,2,,6,
2500,고급장갑,고급장갑,고급장갑,h_brace_0000,,Equipment,Gloves,Uncommon,1,Gloves,TRUE,TRUE,TRUE,20,0,2,,6,2501
2501,+1 고급장갑,+1 고급장갑,+1 고급장갑,h_brace_0000,,Equipment,Gloves,Uncommon,1,Gloves,TRUE,TRUE,TRUE,20,0,2,,6,2502
2502,+2 고급장갑,+2 고급장갑,+2 고급장갑,h_brace_0000,,Equipment,Gloves,Uncommon,1,Gloves,TRUE,TRUE,TRUE,20,0,2,,6,2503
2503,+3 고급장갑,+3 고급장갑,+3 고급장갑,h_brace_0000,,Equipment,Gloves,Uncommon,1,Gloves,TRUE,TRUE,TRUE,20,0,2,,6,2504
2504,+4 고급장갑,+4 고급장갑,+4 고급장갑,h_brace_0000,,Equipment,Gloves,Uncommon,1,Gloves,TRUE,TRUE,TRUE,20,0,2,,6,2505
2505,+5 고급장갑,+5 고급장갑,+5 고급장갑,h_brace_0000,,Equipment,Gloves,Uncommon,1,Gloves,TRUE,TRUE,TRUE,20,0,2,,6,2506
2506,+6 고급장갑,+6 고급장갑,+6 고급장갑,h_brace_0000,,Equipment,Gloves,Uncommon,1,Gloves,TRUE,TRUE,TRUE,20,0,2,,6,2507
2507,+7 고급장갑,+7 고급장갑,+7 고급장갑,h_brace_0000,,Equipment,Gloves,Uncommon,1,Gloves,TRUE,TRUE,TRUE,20,0,2,,6,2508
2508,+8 고급장갑,+8 고급장갑,+8 고급장갑,h_brace_0000,,Equipment,Gloves,Uncommon,1,Gloves,TRUE,TRUE,TRUE,20,0,2,,6,2509
2509,+9 고급장갑,+9 고급장갑,+9 고급장갑,h_brace_0000,,Equipment,Gloves,Uncommon,1,Gloves,TRUE,TRUE,TRUE,20,0,2,,6,2510
2510,+10 고급장갑,+10 고급장갑,+10 고급장갑,h_brace_0000,,Equipment,Gloves,Uncommon,1,Gloves,TRUE,TRUE,TRUE,20,0,2,,6,
2600,고급어깨보호구,고급어깨보호구,고급어깨보호구,h_shoulder_0000,,Equipment,Shoulder,Uncommon,1,Shoulder,TRUE,TRUE,TRUE,20,0,2,,6,2601
2601,+1 고급어깨보호구,+1 고급어깨보호구,+1 고급어깨보호구,h_shoulder_0000,,Equipment,Shoulder,Uncommon,1,Shoulder,TRUE,TRUE,TRUE,20,0,2,,6,2602
2602,+2 고급어깨보호구,+2 고급어깨보호구,+2 고급어깨보호구,h_shoulder_0000,,Equipment,Shoulder,Uncommon,1,Shoulder,TRUE,TRUE,TRUE,20,0,2,,6,2603
2603,+3 고급어깨보호구,+3 고급어깨보호구,+3 고급어깨보호구,h_shoulder_0000,,Equipment,Shoulder,Uncommon,1,Shoulder,TRUE,TRUE,TRUE,20,0,2,,6,2604
2604,+4 고급어깨보호구,+4 고급어깨보호구,+4 고급어깨보호구,h_shoulder_0000,,Equipment,Shoulder,Uncommon,1,Shoulder,TRUE,TRUE,TRUE,20,0,2,,6,2605
2605,+5 고급어깨보호구,+5 고급어깨보호구,+5 고급어깨보호구,h_shoulder_0000,,Equipment,Shoulder,Uncommon,1,Shoulder,TRUE,TRUE,TRUE,20,0,2,,6,2606
2606,+6 고급어깨보호구,+6 고급어깨보호구,+6 고급어깨보호구,h_shoulder_0000,,Equipment,Shoulder,Uncommon,1,Shoulder,TRUE,TRUE,TRUE,20,0,2,,6,2607
2607,+7 고급어깨보호구,+7 고급어깨보호구,+7 고급어깨보호구,h_shoulder_0000,,Equipment,Shoulder,Uncommon,1,Shoulder,TRUE,TRUE,TRUE,20,0,2,,6,2608
2608,+8 고급어깨보호구,+8 고급어깨보호구,+8 고급어깨보호구,h_shoulder_0000,,Equipment,Shoulder,Uncommon,1,Shoulder,TRUE,TRUE,TRUE,20,0,2,,6,2609
2609,+9 고급어깨보호구,+9 고급어깨보호구,+9 고급어깨보호구,h_shoulder_0000,,Equipment,Shoulder,Uncommon,1,Shoulder,TRUE,TRUE,TRUE,20,0,2,,6,2610
2610,+10 고급어깨보호구,+10 고급어깨보호구,+10 고급어깨보호구,h_shoulder_0000,,Equipment,Shoulder,Uncommon,1,Shoulder,TRUE,TRUE,TRUE,20,0,2,,6,
2700,희귀헬멧,희귀헬멧,희귀헬멧,h_helmet_0000,,Equipment,Helmet,Rare,1,Helmet,TRUE,TRUE,TRUE,20,0,2,,6,2701
2701,+1 희귀헬멧,+1 희귀헬멧,+1 희귀헬멧,h_helmet_0000,,Equipment,Helmet,Rare,1,Helmet,TRUE,TRUE,TRUE,20,0,2,,6,2702
2702,+2 희귀헬멧,+2 희귀헬멧,+2 희귀헬멧,h_helmet_0000,,Equipment,Helmet,Rare,1,Helmet,TRUE,TRUE,TRUE,20,0,2,,6,2703
2703,+3 희귀헬멧,+3 희귀헬멧,+3 희귀헬멧,h_helmet_0000,,Equipment,Helmet,Rare,1,Helmet,TRUE,TRUE,TRUE,20,0,2,,6,2704
2704,+4 희귀헬멧,+4 희귀헬멧,+4 희귀헬멧,h_helmet_0000,,Equipment,Helmet,Rare,1,Helmet,TRUE,TRUE,TRUE,20,0,2,,6,2705
2705,+5 희귀헬멧,+5 희귀헬멧,+5 희귀헬멧,h_helmet_0000,,Equipment,Helmet,Rare,1,Helmet,TRUE,TRUE,TRUE,20,0,2,,6,2706
2706,+6 희귀헬멧,+6 희귀헬멧,+6 희귀헬멧,h_helmet_0000,,Equipment,Helmet,Rare,1,Helmet,TRUE,TRUE,TRUE,20,0,2,,6,2707
2707,+7 희귀헬멧,+7 희귀헬멧,+7 희귀헬멧,h_helmet_0000,,Equipment,Helmet,Rare,1,Helmet,TRUE,TRUE,TRUE,20,0,2,,6,2708
2708,+8 희귀헬멧,+8 희귀헬멧,+8 희귀헬멧,h_helmet_0000,,Equipment,Helmet,Rare,1,Helmet,TRUE,TRUE,TRUE,20,0,2,,6,2709
2709,+9 희귀헬멧,+9 희귀헬멧,+9 희귀헬멧,h_helmet_0000,,Equipment,Helmet,Rare,1,Helmet,TRUE,TRUE,TRUE,20,0,2,,6,2710
2710,+10 희귀헬멧,+10 희귀헬멧,+10 희귀헬멧,h_helmet_0000,,Equipment,Helmet,Rare,1,Helmet,TRUE,TRUE,TRUE,20,0,2,,6,
2800,희귀갑옷,희귀갑옷,희귀갑옷,h_chest_0000,,Equipment,Chest,Rare,1,Chest,TRUE,TRUE,TRUE,20,0,2,,6,2801
2801,+1 희귀갑옷,+1 희귀갑옷,+1 희귀갑옷,h_chest_0000,,Equipment,Chest,Rare,1,Chest,TRUE,TRUE,TRUE,20,0,2,,6,2802
2802,+2 희귀갑옷,+2 희귀갑옷,+2 희귀갑옷,h_chest_0000,,Equipment,Chest,Rare,1,Chest,TRUE,TRUE,TRUE,20,0,2,,6,2803
2803,+3 희귀갑옷,+3 희귀갑옷,+3 희귀갑옷,h_chest_0000,,Equipment,Chest,Rare,1,Chest,TRUE,TRUE,TRUE,20,0,2,,6,2804
2804,+4 희귀갑옷,+4 희귀갑옷,+4 희귀갑옷,h_chest_0000,,Equipment,Chest,Rare,1,Chest,TRUE,TRUE,TRUE,20,0,2,,6,2805
2805,+5 희귀갑옷,+5 희귀갑옷,+5 희귀갑옷,h_chest_0000,,Equipment,Chest,Rare,1,Chest,TRUE,TRUE,TRUE,20,0,2,,6,2806
2806,+6 희귀갑옷,+6 희귀갑옷,+6 희귀갑옷,h_chest_0000,,Equipment,Chest,Rare,1,Chest,TRUE,TRUE,TRUE,20,0,2,,6,2807
2807,+7 희귀갑옷,+7 희귀갑옷,+7 희귀갑옷,h_chest_0000,,Equipment,Chest,Rare,1,Chest,TRUE,TRUE,TRUE,20,0,2,,6,2808
2808,+8 희귀갑옷,+8 희귀갑옷,+8 희귀갑옷,h_chest_0000,,Equipment,Chest,Rare,1,Chest,TRUE,TRUE,TRUE,20,0,2,,6,2809
2809,+9 희귀갑옷,+9 희귀갑옷,+9 희귀갑옷,h_chest_0000,,Equipment,Chest,Rare,1,Chest,TRUE,TRUE,TRUE,20,0,2,,6,2810
2810,+10 희귀갑옷,+10 희귀갑옷,+10 희귀갑옷,h_chest_0000,,Equipment,Chest,Rare,1,Chest,TRUE,TRUE,TRUE,20,0,2,,6,
2900,희귀다리보호구,희귀다리보호구,희귀다리보호구,h_pants_0000,,Equipment,Leg,Rare,1,Leg,TRUE,TRUE,TRUE,20,0,2,,6,2901
2901,+1 희귀다리보호구,+1 희귀다리보호구,+1 희귀다리보호구,h_pants_0000,,Equipment,Leg,Rare,1,Leg,TRUE,TRUE,TRUE,20,0,2,,6,2902
2902,+2 희귀다리보호구,+2 희귀다리보호구,+2 희귀다리보호구,h_pants_0000,,Equipment,Leg,Rare,1,Leg,TRUE,TRUE,TRUE,20,0,2,,6,2903
2903,+3 희귀다리보호구,+3 희귀다리보호구,+3 희귀다리보호구,h_pants_0000,,Equipment,Leg,Rare,1,Leg,TRUE,TRUE,TRUE,20,0,2,,6,2904
2904,+4 희귀다리보호구,+4 희귀다리보호구,+4 희귀다리보호구,h_pants_0000,,Equipment,Leg,Rare,1,Leg,TRUE,TRUE,TRUE,20,0,2,,6,2905
2905,+5 희귀다리보호구,+5 희귀다리보호구,+5 희귀다리보호구,h_pants_0000,,Equipment,Leg,Rare,1,Leg,TRUE,TRUE,TRUE,20,0,2,,6,2906
2906,+6 희귀다리보호구,+6 희귀다리보호구,+6 희귀다리보호구,h_pants_0000,,Equipment,Leg,Rare,1,Leg,TRUE,TRUE,TRUE,20,0,2,,6,2907
2907,+7 희귀다리보호구,+7 희귀다리보호구,+7 희귀다리보호구,h_pants_0000,,Equipment,Leg,Rare,1,Leg,TRUE,TRUE,TRUE,20,0,2,,6,2908
2908,+8 희귀다리보호구,+8 희귀다리보호구,+8 희귀다리보호구,h_pants_0000,,Equipment,Leg,Rare,1,Leg,TRUE,TRUE,TRUE,20,0,2,,6,2909
2909,+9 희귀다리보호구,+9 희귀다리보호구,+9 희귀다리보호구,h_pants_0000,,Equipment,Leg,Rare,1,Leg,TRUE,TRUE,TRUE,20,0,2,,6,2910
2910,+10 희귀다리보호구,+10 희귀다리보호구,+10 희귀다리보호구,h_pants_0000,,Equipment,Leg,Rare,1,Leg,TRUE,TRUE,TRUE,20,0,2,,6,
3000,희귀신발,희귀신발,희귀신발,h_boots_0000,,Equipment,Shoes,Rare,1,Shoes,TRUE,TRUE,TRUE,20,0,2,,6,3001
3001,+1 희귀신발,+1 희귀신발,+1 희귀신발,h_boots_0000,,Equipment,Shoes,Rare,1,Shoes,TRUE,TRUE,TRUE,20,0,2,,6,3002
3002,+2 희귀신발,+2 희귀신발,+2 희귀신발,h_boots_0000,,Equipment,Shoes,Rare,1,Shoes,TRUE,TRUE,TRUE,20,0,2,,6,3003
3003,+3 희귀신발,+3 희귀신발,+3 희귀신발,h_boots_0000,,Equipment,Shoes,Rare,1,Shoes,TRUE,TRUE,TRUE,20,0,2,,6,3004
3004,+4 희귀신발,+4 희귀신발,+4 희귀신발,h_boots_0000,,Equipment,Shoes,Rare,1,Shoes,TRUE,TRUE,TRUE,20,0,2,,6,3005
3005,+5 희귀신발,+5 희귀신발,+5 희귀신발,h_boots_0000,,Equipment,Shoes,Rare,1,Shoes,TRUE,TRUE,TRUE,20,0,2,,6,3006
3006,+6 희귀신발,+6 희귀신발,+6 희귀신발,h_boots_0000,,Equipment,Shoes,Rare,1,Shoes,TRUE,TRUE,TRUE,20,0,2,,6,3007
3007,+7 희귀신발,+7 희귀신발,+7 희귀신발,h_boots_0000,,Equipment,Shoes,Rare,1,Shoes,TRUE,TRUE,TRUE,20,0,2,,6,3008
3008,+8 희귀신발,+8 희귀신발,+8 희귀신발,h_boots_0000,,Equipment,Shoes,Rare,1,Shoes,TRUE,TRUE,TRUE,20,0,2,,6,3009
3009,+9 희귀신발,+9 희귀신발,+9 희귀신발,h_boots_0000,,Equipment,Shoes,Rare,1,Shoes,TRUE,TRUE,TRUE,20,0,2,,6,3010
3010,+10 희귀신발,+10 희귀신발,+10 희귀신발,h_boots_0000,,Equipment,Shoes,Rare,1,Shoes,TRUE,TRUE,TRUE,20,0,2,,6,
3100,희귀장갑,희귀장갑,희귀장갑,h_brace_0000,,Equipment,Gloves,Rare,1,Gloves,TRUE,TRUE,TRUE,20,0,2,,6,3101
3101,+1 희귀장갑,+1 희귀장갑,+1 희귀장갑,h_brace_0000,,Equipment,Gloves,Rare,1,Gloves,TRUE,TRUE,TRUE,20,0,2,,6,3102
3102,+2 희귀장갑,+2 희귀장갑,+2 희귀장갑,h_brace_0000,,Equipment,Gloves,Rare,1,Gloves,TRUE,TRUE,TRUE,20,0,2,,6,3103
3103,+3 희귀장갑,+3 희귀장갑,+3 희귀장갑,h_brace_0000,,Equipment,Gloves,Rare,1,Gloves,TRUE,TRUE,TRUE,20,0,2,,6,3104
3104,+4 희귀장갑,+4 희귀장갑,+4 희귀장갑,h_brace_0000,,Equipment,Gloves,Rare,1,Gloves,TRUE,TRUE,TRUE,20,0,2,,6,3105
3105,+5 희귀장갑,+5 희귀장갑,+5 희귀장갑,h_brace_0000,,Equipment,Gloves,Rare,1,Gloves,TRUE,TRUE,TRUE,20,0,2,,6,3106
3106,+6 희귀장갑,+6 희귀장갑,+6 희귀장갑,h_brace_0000,,Equipment,Gloves,Rare,1,Gloves,TRUE,TRUE,TRUE,20,0,2,,6,3107
3107,+7 희귀장갑,+7 희귀장갑,+7 희귀장갑,h_brace_0000,,Equipment,Gloves,Rare,1,Gloves,TRUE,TRUE,TRUE,20,0,2,,6,3108
3108,+8 희귀장갑,+8 희귀장갑,+8 희귀장갑,h_brace_0000,,Equipment,Gloves,Rare,1,Gloves,TRUE,TRUE,TRUE,20,0,2,,6,3109
3109,+9 희귀장갑,+9 희귀장갑,+9 희귀장갑,h_brace_0000,,Equipment,Gloves,Rare,1,Gloves,TRUE,TRUE,TRUE,20,0,2,,6,3110
3110,+10 희귀장갑,+10 희귀장갑,+10 희귀장갑,h_brace_0000,,Equipment,Gloves,Rare,1,Gloves,TRUE,TRUE,TRUE,20,0,2,,6,
3200,희귀어깨보호구,희귀어깨보호구,희귀어깨보호구,h_chest_0000,,Equipment,Shoulder,Rare,1,Shoulder,TRUE,TRUE,TRUE,20,0,2,,6,3201
3201,+1 희귀어깨보호구,+1 희귀어깨보호구,+1 희귀어깨보호구,h_chest_0000,,Equipment,Shoulder,Rare,1,Shoulder,TRUE,TRUE,TRUE,20,0,2,,6,3202
3202,+2 희귀어깨보호구,+2 희귀어깨보호구,+2 희귀어깨보호구,h_chest_0000,,Equipment,Shoulder,Rare,1,Shoulder,TRUE,TRUE,TRUE,20,0,2,,6,3203
3203,+3 희귀어깨보호구,+3 희귀어깨보호구,+3 희귀어깨보호구,h_chest_0000,,Equipment,Shoulder,Rare,1,Shoulder,TRUE,TRUE,TRUE,20,0,2,,6,3204
3204,+4 희귀어깨보호구,+4 희귀어깨보호구,+4 희귀어깨보호구,h_chest_0000,,Equipment,Shoulder,Rare,1,Shoulder,TRUE,TRUE,TRUE,20,0,2,,6,3205
3205,+5 희귀어깨보호구,+5 희귀어깨보호구,+5 희귀어깨보호구,h_chest_0000,,Equipment,Shoulder,Rare,1,Shoulder,TRUE,TRUE,TRUE,20,0,2,,6,3206
3206,+6 희귀어깨보호구,+6 희귀어깨보호구,+6 희귀어깨보호구,h_chest_0000,,Equipment,Shoulder,Rare,1,Shoulder,TRUE,TRUE,TRUE,20,0,2,,6,3207
3207,+7 희귀어깨보호구,+7 희귀어깨보호구,+7 희귀어깨보호구,h_chest_0000,,Equipment,Shoulder,Rare,1,Shoulder,TRUE,TRUE,TRUE,20,0,2,,6,3208
3208,+8 희귀어깨보호구,+8 희귀어깨보호구,+8 희귀어깨보호구,h_chest_0000,,Equipment,Shoulder,Rare,1,Shoulder,TRUE,TRUE,TRUE,20,0,2,,6,3209
3209,+9 희귀어깨보호구,+9 희귀어깨보호구,+9 희귀어깨보호구,h_chest_0000,,Equipment,Shoulder,Rare,1,Shoulder,TRUE,TRUE,TRUE,20,0,2,,6,3210
3210,+10 희귀어깨보호구,+10 희귀어깨보호구,+10 희귀어깨보호구,h_chest_0000,,Equipment,Shoulder,Rare,1,Shoulder,TRUE,TRUE,TRUE,20,0,2,,6,
3300,에픽헬멧,에픽헬멧,에픽헬멧,h_helmet_0000,,Equipment,Helmet,Epic,1,Helmet,TRUE,TRUE,TRUE,20,0,2,,6,3301
3301,+1 에픽헬멧,+1 에픽헬멧,+1 에픽헬멧,h_helmet_0000,,Equipment,Helmet,Epic,1,Helmet,TRUE,TRUE,TRUE,20,0,2,,6,3302
3302,+2 에픽헬멧,+2 에픽헬멧,+2 에픽헬멧,h_helmet_0000,,Equipment,Helmet,Epic,1,Helmet,TRUE,TRUE,TRUE,20,0,2,,6,3303
3303,+3 에픽헬멧,+3 에픽헬멧,+3 에픽헬멧,h_helmet_0000,,Equipment,Helmet,Epic,1,Helmet,TRUE,TRUE,TRUE,20,0,2,,6,3304
3304,+4 에픽헬멧,+4 에픽헬멧,+4 에픽헬멧,h_helmet_0000,,Equipment,Helmet,Epic,1,Helmet,TRUE,TRUE,TRUE,20,0,2,,6,3305
3305,+5 에픽헬멧,+5 에픽헬멧,+5 에픽헬멧,h_helmet_0000,,Equipment,Helmet,Epic,1,Helmet,TRUE,TRUE,TRUE,20,0,2,,6,3306
3306,+6 에픽헬멧,+6 에픽헬멧,+6 에픽헬멧,h_helmet_0000,,Equipment,Helmet,Epic,1,Helmet,TRUE,TRUE,TRUE,20,0,2,,6,3307
3307,+7 에픽헬멧,+7 에픽헬멧,+7 에픽헬멧,h_helmet_0000,,Equipment,Helmet,Epic,1,Helmet,TRUE,TRUE,TRUE,20,0,2,,6,3308
3308,+8 에픽헬멧,+8 에픽헬멧,+8 에픽헬멧,h_helmet_0000,,Equipment,Helmet,Epic,1,Helmet,TRUE,TRUE,TRUE,20,0,2,,6,3309
3309,+9 에픽헬멧,+9 에픽헬멧,+9 에픽헬멧,h_helmet_0000,,Equipment,Helmet,Epic,1,Helmet,TRUE,TRUE,TRUE,20,0,2,,6,3310
3310,+10 에픽헬멧,+10 에픽헬멧,+10 에픽헬멧,h_helmet_0000,,Equipment,Helmet,Epic,1,Helmet,TRUE,TRUE,TRUE,20,0,2,,6,
3400,에픽갑옷,에픽갑옷,에픽갑옷,h_chest_0000,,Equipment,Chest,Epic,1,Chest,TRUE,TRUE,TRUE,20,0,2,,6,3401
3401,+1 에픽갑옷,+1 에픽갑옷,+1 에픽갑옷,h_chest_0000,,Equipment,Chest,Epic,1,Chest,TRUE,TRUE,TRUE,20,0,2,,6,3402
3402,+2 에픽갑옷,+2 에픽갑옷,+2 에픽갑옷,h_chest_0000,,Equipment,Chest,Epic,1,Chest,TRUE,TRUE,TRUE,20,0,2,,6,3403
3403,+3 에픽갑옷,+3 에픽갑옷,+3 에픽갑옷,h_chest_0000,,Equipment,Chest,Epic,1,Chest,TRUE,TRUE,TRUE,20,0,2,,6,3404
3404,+4 에픽갑옷,+4 에픽갑옷,+4 에픽갑옷,h_chest_0000,,Equipment,Chest,Epic,1,Chest,TRUE,TRUE,TRUE,20,0,2,,6,3405
3405,+5 에픽갑옷,+5 에픽갑옷,+5 에픽갑옷,h_chest_0000,,Equipment,Chest,Epic,1,Chest,TRUE,TRUE,TRUE,20,0,2,,6,3406
3406,+6 에픽갑옷,+6 에픽갑옷,+6 에픽갑옷,h_chest_0000,,Equipment,Chest,Epic,1,Chest,TRUE,TRUE,TRUE,20,0,2,,6,3407
3407,+7 에픽갑옷,+7 에픽갑옷,+7 에픽갑옷,h_chest_0000,,Equipment,Chest,Epic,1,Chest,TRUE,TRUE,TRUE,20,0,2,,6,3408
3408,+8 에픽갑옷,+8 에픽갑옷,+8 에픽갑옷,h_chest_0000,,Equipment,Chest,Epic,1,Chest,TRUE,TRUE,TRUE,20,0,2,,6,3409
3409,+9 에픽갑옷,+9 에픽갑옷,+9 에픽갑옷,h_chest_0000,,Equipment,Chest,Epic,1,Chest,TRUE,TRUE,TRUE,20,0,2,,6,3410
3410,+10 에픽갑옷,+10 에픽갑옷,+10 에픽갑옷,h_chest_0000,,Equipment,Chest,Epic,1,Chest,TRUE,TRUE,TRUE,20,0,2,,6,
3500,에픽다리보호구,에픽다리보호구,에픽다리보호구,h_pants_0000,,Equipment,Leg,Epic,1,Leg,TRUE,TRUE,TRUE,20,0,2,,6,3501
3501,+1 에픽다리보호구,+1 에픽다리보호구,+1 에픽다리보호구,h_pants_0000,,Equipment,Leg,Epic,1,Leg,TRUE,TRUE,TRUE,20,0,2,,6,3502
3502,+2 에픽다리보호구,+2 에픽다리보호구,+2 에픽다리보호구,h_pants_0000,,Equipment,Leg,Epic,1,Leg,TRUE,TRUE,TRUE,20,0,2,,6,3503
3503,+3 에픽다리보호구,+3 에픽다리보호구,+3 에픽다리보호구,h_pants_0000,,Equipment,Leg,Epic,1,Leg,TRUE,TRUE,TRUE,20,0,2,,6,3504
3504,+4 에픽다리보호구,+4 에픽다리보호구,+4 에픽다리보호구,h_pants_0000,,Equipment,Leg,Epic,1,Leg,TRUE,TRUE,TRUE,20,0,2,,6,3505
3505,+5 에픽다리보호구,+5 에픽다리보호구,+5 에픽다리보호구,h_pants_0000,,Equipment,Leg,Epic,1,Leg,TRUE,TRUE,TRUE,20,0,2,,6,3506
3506,+6 에픽다리보호구,+6 에픽다리보호구,+6 에픽다리보호구,h_pants_0000,,Equipment,Leg,Epic,1,Leg,TRUE,TRUE,TRUE,20,0,2,,6,3507
3507,+7 에픽다리보호구,+7 에픽다리보호구,+7 에픽다리보호구,h_pants_0000,,Equipment,Leg,Epic,1,Leg,TRUE,TRUE,TRUE,20,0,2,,6,3508
3508,+8 에픽다리보호구,+8 에픽다리보호구,+8 에픽다리보호구,h_pants_0000,,Equipment,Leg,Epic,1,Leg,TRUE,TRUE,TRUE,20,0,2,,6,3509
3509,+9 에픽다리보호구,+9 에픽다리보호구,+9 에픽다리보호구,h_pants_0000,,Equipment,Leg,Epic,1,Leg,TRUE,TRUE,TRUE,20,0,2,,6,3510
3510,+10 에픽다리보호구,+10 에픽다리보호구,+10 에픽다리보호구,h_pants_0000,,Equipment,Leg,Epic,1,Leg,TRUE,TRUE,TRUE,20,0,2,,6,
3600,에픽신발,에픽신발,에픽신발,h_boots_0000,,Equipment,Shoes,Epic,1,Shoes,TRUE,TRUE,TRUE,20,0,2,,6,3601
3601,+1 에픽신발,+1 에픽신발,+1 에픽신발,h_boots_0000,,Equipment,Shoes,Epic,1,Shoes,TRUE,TRUE,TRUE,20,0,2,,6,3602
3602,+2 에픽신발,+2 에픽신발,+2 에픽신발,h_boots_0000,,Equipment,Shoes,Epic,1,Shoes,TRUE,TRUE,TRUE,20,0,2,,6,3603
3603,+3 에픽신발,+3 에픽신발,+3 에픽신발,h_boots_0000,,Equipment,Shoes,Epic,1,Shoes,TRUE,TRUE,TRUE,20,0,2,,6,3604
3604,+4 에픽신발,+4 에픽신발,+4 에픽신발,h_boots_0000,,Equipment,Shoes,Epic,1,Shoes,TRUE,TRUE,TRUE,20,0,2,,6,3605
3605,+5 에픽신발,+5 에픽신발,+5 에픽신발,h_boots_0000,,Equipment,Shoes,Epic,1,Shoes,TRUE,TRUE,TRUE,20,0,2,,6,3606
3606,+6 에픽신발,+6 에픽신발,+6 에픽신발,h_boots_0000,,Equipment,Shoes,Epic,1,Shoes,TRUE,TRUE,TRUE,20,0,2,,6,3607
3607,+7 에픽신발,+7 에픽신발,+7 에픽신발,h_boots_0000,,Equipment,Shoes,Epic,1,Shoes,TRUE,TRUE,TRUE,20,0,2,,6,3608
3608,+8 에픽신발,+8 에픽신발,+8 에픽신발,h_boots_0000,,Equipment,Shoes,Epic,1,Shoes,TRUE,TRUE,TRUE,20,0,2,,6,3609
3609,+9 에픽신발,+9 에픽신발,+9 에픽신발,h_boots_0000,,Equipment,Shoes,Epic,1,Shoes,TRUE,TRUE,TRUE,20,0,2,,6,3610
3610,+10 에픽신발,+10 에픽신발,+10 에픽신발,h_boots_0000,,Equipment,Shoes,Epic,1,Shoes,TRUE,TRUE,TRUE,20,0,2,,6,
3700,에픽장갑,에픽장갑,에픽장갑,h_brace_0000,,Equipment,Gloves,Epic,1,Gloves,TRUE,TRUE,TRUE,20,0,2,,6,3701
3701,+1 에픽장갑,+1 에픽장갑,+1 에픽장갑,h_brace_0000,,Equipment,Gloves,Epic,1,Gloves,TRUE,TRUE,TRUE,20,0,2,,6,3702
3702,+2 에픽장갑,+2 에픽장갑,+2 에픽장갑,h_brace_0000,,Equipment,Gloves,Epic,1,Gloves,TRUE,TRUE,TRUE,20,0,2,,6,3703
3703,+3 에픽장갑,+3 에픽장갑,+3 에픽장갑,h_brace_0000,,Equipment,Gloves,Epic,1,Gloves,TRUE,TRUE,TRUE,20,0,2,,6,3704
3704,+4 에픽장갑,+4 에픽장갑,+4 에픽장갑,h_brace_0000,,Equipment,Gloves,Epic,1,Gloves,TRUE,TRUE,TRUE,20,0,2,,6,3705
3705,+5 에픽장갑,+5 에픽장갑,+5 에픽장갑,h_brace_0000,,Equipment,Gloves,Epic,1,Gloves,TRUE,TRUE,TRUE,20,0,2,,6,3706
3706,+6 에픽장갑,+6 에픽장갑,+6 에픽장갑,h_brace_0000,,Equipment,Gloves,Epic,1,Gloves,TRUE,TRUE,TRUE,20,0,2,,6,3707
3707,+7 에픽장갑,+7 에픽장갑,+7 에픽장갑,h_brace_0000,,Equipment,Gloves,Epic,1,Gloves,TRUE,TRUE,TRUE,20,0,2,,6,3708
3708,+8 에픽장갑,+8 에픽장갑,+8 에픽장갑,h_brace_0000,,Equipment,Gloves,Epic,1,Gloves,TRUE,TRUE,TRUE,20,0,2,,6,3709
3709,+9 에픽장갑,+9 에픽장갑,+9 에픽장갑,h_brace_0000,,Equipment,Gloves,Epic,1,Gloves,TRUE,TRUE,TRUE,20,0,2,,6,3710
3710,+10 에픽장갑,+10 에픽장갑,+10 에픽장갑,h_brace_0000,,Equipment,Gloves,Epic,1,Gloves,TRUE,TRUE,TRUE,20,0,2,,6,
3800,에픽어깨보호구,에픽어깨보호구,에픽어깨보호구,h_shoulder_0000,,Equipment,Shoulder,Epic,1,Shoulder,TRUE,TRUE,TRUE,20,0,2,,6,3801
3801,+1 에픽어깨보호구,+1 에픽어깨보호구,+1 에픽어깨보호구,h_shoulder_0000,,Equipment,Shoulder,Epic,1,Shoulder,TRUE,TRUE,TRUE,20,0,2,,6,3802
3802,+2 에픽어깨보호구,+2 에픽어깨보호구,+2 에픽어깨보호구,h_shoulder_0000,,Equipment,Shoulder,Epic,1,Shoulder,TRUE,TRUE,TRUE,20,0,2,,6,3803
3803,+3 에픽어깨보호구,+3 에픽어깨보호구,+3 에픽어깨보호구,h_shoulder_0000,,Equipment,Shoulder,Epic,1,Shoulder,TRUE,TRUE,TRUE,20,0,2,,6,3804
3804,+4 에픽어깨보호구,+4 에픽어깨보호구,+4 에픽어깨보호구,h_shoulder_0000,,Equipment,Shoulder,Epic,1,Shoulder,TRUE,TRUE,TRUE,20,0,2,,6,3805
3805,+5 에픽어깨보호구,+5 에픽어깨보호구,+5 에픽어깨보호구,h_shoulder_0000,,Equipment,Shoulder,Epic,1,Shoulder,TRUE,TRUE,TRUE,20,0,2,,6,3806
3806,+6 에픽어깨보호구,+6 에픽어깨보호구,+6 에픽어깨보호구,h_shoulder_0000,,Equipment,Shoulder,Epic,1,Shoulder,TRUE,TRUE,TRUE,20,0,2,,6,3807
3807,+7 에픽어깨보호구,+7 에픽어깨보호구,+7 에픽어깨보호구,h_shoulder_0000,,Equipment,Shoulder,Epic,1,Shoulder,TRUE,TRUE,TRUE,20,0,2,,6,3808
3808,+8 에픽어깨보호구,+8 에픽어깨보호구,+8 에픽어깨보호구,h_shoulder_0000,,Equipment,Shoulder,Epic,1,Shoulder,TRUE,TRUE,TRUE,20,0,2,,6,3809
3809,+9 에픽어깨보호구,+9 에픽어깨보호구,+9 에픽어깨보호구,h_shoulder_0000,,Equipment,Shoulder,Epic,1,Shoulder,TRUE,TRUE,TRUE,20,0,2,,6,3810
3810,+10 에픽어깨보호구,+10 에픽어깨보호구,+10 에픽어깨보호구,h_shoulder_0000,,Equipment,Shoulder,Epic,1,Shoulder,TRUE,TRUE,TRUE,20,0,2,,6,
3900,전설헬멧,전설헬멧,전설헬멧,h_helmet_0000,,Equipment,Helmet,Legendary,1,Helmet,TRUE,TRUE,TRUE,20,0,2,,6,3901
3901,+1 전설헬멧,+1 전설헬멧,+1 전설헬멧,h_helmet_0000,,Equipment,Helmet,Legendary,1,Helmet,TRUE,TRUE,TRUE,20,0,2,,6,3902
3902,+2 전설헬멧,+2 전설헬멧,+2 전설헬멧,h_helmet_0000,,Equipment,Helmet,Legendary,1,Helmet,TRUE,TRUE,TRUE,20,0,2,,6,3903
3903,+3 전설헬멧,+3 전설헬멧,+3 전설헬멧,h_helmet_0000,,Equipment,Helmet,Legendary,1,Helmet,TRUE,TRUE,TRUE,20,0,2,,6,3904
3904,+4 전설헬멧,+4 전설헬멧,+4 전설헬멧,h_helmet_0000,,Equipment,Helmet,Legendary,1,Helmet,TRUE,TRUE,TRUE,20,0,2,,6,3905
3905,+5 전설헬멧,+5 전설헬멧,+5 전설헬멧,h_helmet_0000,,Equipment,Helmet,Legendary,1,Helmet,TRUE,TRUE,TRUE,20,0,2,,6,3906
3906,+6 전설헬멧,+6 전설헬멧,+6 전설헬멧,h_helmet_0000,,Equipment,Helmet,Legendary,1,Helmet,TRUE,TRUE,TRUE,20,0,2,,6,3907
3907,+7 전설헬멧,+7 전설헬멧,+7 전설헬멧,h_helmet_0000,,Equipment,Helmet,Legendary,1,Helmet,TRUE,TRUE,TRUE,20,0,2,,6,3908
3908,+8 전설헬멧,+8 전설헬멧,+8 전설헬멧,h_helmet_0000,,Equipment,Helmet,Legendary,1,Helmet,TRUE,TRUE,TRUE,20,0,2,,6,3909
3909,+9 전설헬멧,+9 전설헬멧,+9 전설헬멧,h_helmet_0000,,Equipment,Helmet,Legendary,1,Helmet,TRUE,TRUE,TRUE,20,0,2,,6,3910
3910,+10 전설헬멧,+10 전설헬멧,+10 전설헬멧,h_helmet_0000,,Equipment,Helmet,Legendary,1,Helmet,TRUE,TRUE,TRUE,20,0,2,,6,
4000,전설갑옷,전설갑옷,전설갑옷,h_chest_0000,,Equipment,Chest,Legendary,1,Chest,TRUE,TRUE,TRUE,20,0,2,,6,4001
4001,+1 전설갑옷,+1 전설갑옷,+1 전설갑옷,h_chest_0000,,Equipment,Chest,Legendary,1,Chest,TRUE,TRUE,TRUE,20,0,2,,6,4002
4002,+2 전설갑옷,+2 전설갑옷,+2 전설갑옷,h_chest_0000,,Equipment,Chest,Legendary,1,Chest,TRUE,TRUE,TRUE,20,0,2,,6,4003
4003,+3 전설갑옷,+3 전설갑옷,+3 전설갑옷,h_chest_0000,,Equipment,Chest,Legendary,1,Chest,TRUE,TRUE,TRUE,20,0,2,,6,4004
4004,+4 전설갑옷,+4 전설갑옷,+4 전설갑옷,h_chest_0000,,Equipment,Chest,Legendary,1,Chest,TRUE,TRUE,TRUE,20,0,2,,6,4005
4005,+5 전설갑옷,+5 전설갑옷,+5 전설갑옷,h_chest_0000,,Equipment,Chest,Legendary,1,Chest,TRUE,TRUE,TRUE,20,0,2,,6,4006
4006,+6 전설갑옷,+6 전설갑옷,+6 전설갑옷,h_chest_0000,,Equipment,Chest,Legendary,1,Chest,TRUE,TRUE,TRUE,20,0,2,,6,4007
4007,+7 전설갑옷,+7 전설갑옷,+7 전설갑옷,h_chest_0000,,Equipment,Chest,Legendary,1,Chest,TRUE,TRUE,TRUE,20,0,2,,6,4008
4008,+8 전설갑옷,+8 전설갑옷,+8 전설갑옷,h_chest_0000,,Equipment,Chest,Legendary,1,Chest,TRUE,TRUE,TRUE,20,0,2,,6,4009
4009,+9 전설갑옷,+9 전설갑옷,+9 전설갑옷,h_chest_0000,,Equipment,Chest,Legendary,1,Chest,TRUE,TRUE,TRUE,20,0,2,,6,4010
4010,+10 전설갑옷,+10 전설갑옷,+10 전설갑옷,h_chest_0000,,Equipment,Chest,Legendary,1,Chest,TRUE,TRUE,TRUE,20,0,2,,6,
4100,전설다리보호구,전설다리보호구,전설다리보호구,h_pants_0000,,Equipment,Leg,Legendary,1,Leg,TRUE,TRUE,TRUE,20,0,2,,6,4101
4101,+1 전설다리보호구,+1 전설다리보호구,+1 전설다리보호구,h_pants_0000,,Equipment,Leg,Legendary,1,Leg,TRUE,TRUE,TRUE,20,0,2,,6,4102
4102,+2 전설다리보호구,+2 전설다리보호구,+2 전설다리보호구,h_pants_0000,,Equipment,Leg,Legendary,1,Leg,TRUE,TRUE,TRUE,20,0,2,,6,4103
4103,+3 전설다리보호구,+3 전설다리보호구,+3 전설다리보호구,h_pants_0000,,Equipment,Leg,Legendary,1,Leg,TRUE,TRUE,TRUE,20,0,2,,6,4104
4104,+4 전설다리보호구,+4 전설다리보호구,+4 전설다리보호구,h_pants_0000,,Equipment,Leg,Legendary,1,Leg,TRUE,TRUE,TRUE,20,0,2,,6,4105
4105,+5 전설다리보호구,+5 전설다리보호구,+5 전설다리보호구,h_pants_0000,,Equipment,Leg,Legendary,1,Leg,TRUE,TRUE,TRUE,20,0,2,,6,4106
4106,+6 전설다리보호구,+6 전설다리보호구,+6 전설다리보호구,h_pants_0000,,Equipment,Leg,Legendary,1,Leg,TRUE,TRUE,TRUE,20,0,2,,6,4107
4107,+7 전설다리보호구,+7 전설다리보호구,+7 전설다리보호구,h_pants_0000,,Equipment,Leg,Legendary,1,Leg,TRUE,TRUE,TRUE,20,0,2,,6,4108
4108,+8 전설다리보호구,+8 전설다리보호구,+8 전설다리보호구,h_pants_0000,,Equipment,Leg,Legendary,1,Leg,TRUE,TRUE,TRUE,20,0,2,,6,4109
4109,+9 전설다리보호구,+9 전설다리보호구,+9 전설다리보호구,h_pants_0000,,Equipment,Leg,Legendary,1,Leg,TRUE,TRUE,TRUE,20,0,2,,6,4110
4110,+10 전설다리보호구,+10 전설다리보호구,+10 전설다리보호구,h_pants_0000,,Equipment,Leg,Legendary,1,Leg,TRUE,TRUE,TRUE,20,0,2,,6,
4200,전설신발,전설신발,전설신발,h_boots_0000,,Equipment,Shoes,Legendary,1,Shoes,TRUE,TRUE,TRUE,20,0,2,,6,4201
4201,+1 전설신발,+1 전설신발,+1 전설신발,h_boots_0000,,Equipment,Shoes,Legendary,1,Shoes,TRUE,TRUE,TRUE,20,0,2,,6,4202
4202,+2 전설신발,+2 전설신발,+2 전설신발,h_boots_0000,,Equipment,Shoes,Legendary,1,Shoes,TRUE,TRUE,TRUE,20,0,2,,6,4203
4203,+3 전설신발,+3 전설신발,+3 전설신발,h_boots_0000,,Equipment,Shoes,Legendary,1,Shoes,TRUE,TRUE,TRUE,20,0,2,,6,4204
4204,+4 전설신발,+4 전설신발,+4 전설신발,h_boots_0000,,Equipment,Shoes,Legendary,1,Shoes,TRUE,TRUE,TRUE,20,0,2,,6,4205
4205,+5 전설신발,+5 전설신발,+5 전설신발,h_boots_0000,,Equipment,Shoes,Legendary,1,Shoes,TRUE,TRUE,TRUE,20,0,2,,6,4206
4206,+6 전설신발,+6 전설신발,+6 전설신발,h_boots_0000,,Equipment,Shoes,Legendary,1,Shoes,TRUE,TRUE,TRUE,20,0,2,,6,4207
4207,+7 전설신발,+7 전설신발,+7 전설신발,h_boots_0000,,Equipment,Shoes,Legendary,1,Shoes,TRUE,TRUE,TRUE,20,0,2,,6,4208
4208,+8 전설신발,+8 전설신발,+8 전설신발,h_boots_0000,,Equipment,Shoes,Legendary,1,Shoes,TRUE,TRUE,TRUE,20,0,2,,6,4209
4209,+9 전설신발,+9 전설신발,+9 전설신발,h_boots_0000,,Equipment,Shoes,Legendary,1,Shoes,TRUE,TRUE,TRUE,20,0,2,,6,4210
4210,+10 전설신발,+10 전설신발,+10 전설신발,h_boots_0000,,Equipment,Shoes,Legendary,1,Shoes,TRUE,TRUE,TRUE,20,0,2,,6,
4300,전설장갑,전설장갑,전설장갑,h_brace_0000,,Equipment,Gloves,Legendary,1,Gloves,TRUE,TRUE,TRUE,20,0,2,,6,4301
4301,+1 전설장갑,+1 전설장갑,+1 전설장갑,h_brace_0000,,Equipment,Gloves,Legendary,1,Gloves,TRUE,TRUE,TRUE,20,0,2,,6,4302
4302,+2 전설장갑,+2 전설장갑,+2 전설장갑,h_brace_0000,,Equipment,Gloves,Legendary,1,Gloves,TRUE,TRUE,TRUE,20,0,2,,6,4303
4303,+3 전설장갑,+3 전설장갑,+3 전설장갑,h_brace_0000,,Equipment,Gloves,Legendary,1,Gloves,TRUE,TRUE,TRUE,20,0,2,,6,4304
4304,+4 전설장갑,+4 전설장갑,+4 전설장갑,h_brace_0000,,Equipment,Gloves,Legendary,1,Gloves,TRUE,TRUE,TRUE,20,0,2,,6,4305
4305,+5 전설장갑,+5 전설장갑,+5 전설장갑,h_brace_0000,,Equipment,Gloves,Legendary,1,Gloves,TRUE,TRUE,TRUE,20,0,2,,6,4306
4306,+6 전설장갑,+6 전설장갑,+6 전설장갑,h_brace_0000,,Equipment,Gloves,Legendary,1,Gloves,TRUE,TRUE,TRUE,20,0,2,,6,4307
4307,+7 전설장갑,+7 전설장갑,+7 전설장갑,h_brace_0000,,Equipment,Gloves,Legendary,1,Gloves,TRUE,TRUE,TRUE,20,0,2,,6,4308
4308,+8 전설장갑,+8 전설장갑,+8 전설장갑,h_brace_0000,,Equipment,Gloves,Legendary,1,Gloves,TRUE,TRUE,TRUE,20,0,2,,6,4309
4309,+9 전설장갑,+9 전설장갑,+9 전설장갑,h_brace_0000,,Equipment,Gloves,Legendary,1,Gloves,TRUE,TRUE,TRUE,20,0,2,,6,4310
4310,+10 전설장갑,+10 전설장갑,+10 전설장갑,h_brace_0000,,Equipment,Gloves,Legendary,1,Gloves,TRUE,TRUE,TRUE,20,0,2,,6,
4400,전설어깨보호구,전설어깨보호구,전설어깨보호구,h_shoulder_0000,,Equipment,Shoulder,Legendary,1,Shoulder,TRUE,TRUE,TRUE,20,0,2,,6,4401
4401,+1 전설어깨보호구,+1 전설어깨보호구,+1 전설어깨보호구,h_shoulder_0000,,Equipment,Shoulder,Legendary,1,Shoulder,TRUE,TRUE,TRUE,20,0,2,,6,4402
4402,+2 전설어깨보호구,+2 전설어깨보호구,+2 전설어깨보호구,h_shoulder_0000,,Equipment,Shoulder,Legendary,1,Shoulder,TRUE,TRUE,TRUE,20,0,2,,6,4403
4403,+3 전설어깨보호구,+3 전설어깨보호구,+3 전설어깨보호구,h_shoulder_0000,,Equipment,Shoulder,Legendary,1,Shoulder,TRUE,TRUE,TRUE,20,0,2,,6,4404
4404,+4 전설어깨보호구,+4 전설어깨보호구,+4 전설어깨보호구,h_shoulder_0000,,Equipment,Shoulder,Legendary,1,Shoulder,TRUE,TRUE,TRUE,20,0,2,,6,4405
4405,+5 전설어깨보호구,+5 전설어깨보호구,+5 전설어깨보호구,h_shoulder_0000,,Equipment,Shoulder,Legendary,1,Shoulder,TRUE,TRUE,TRUE,20,0,2,,6,4406
4406,+6 전설어깨보호구,+6 전설어깨보호구,+6 전설어깨보호구,h_shoulder_0000,,Equipment,Shoulder,Legendary,1,Shoulder,TRUE,TRUE,TRUE,20,0,2,,6,4407
4407,+7 전설어깨보호구,+7 전설어깨보호구,+7 전설어깨보호구,h_shoulder_0000,,Equipment,Shoulder,Legendary,1,Shoulder,TRUE,TRUE,TRUE,20,0,2,,6,4408
4408,+8 전설어깨보호구,+8 전설어깨보호구,+8 전설어깨보호구,h_shoulder_0000,,Equipment,Shoulder,Legendary,1,Shoulder,TRUE,TRUE,TRUE,20,0,2,,6,4409
4409,+9 전설어깨보호구,+9 전설어깨보호구,+9 전설어깨보호구,h_shoulder_0000,,Equipment,Shoulder,Legendary,1,Shoulder,TRUE,TRUE,TRUE,20,0,2,,6,4410
4410,+10 전설어깨보호구,+10 전설어깨보호구,+10 전설어깨보호구,h_shoulder_0000,,Equipment,Shoulder,Legendary,1,Shoulder,TRUE,TRUE,TRUE,20,0,2,,6,
